<?xml version="1.0" encoding="UTF-8"?>
<project-private xmlns="http://www.netbeans.org/ns/project-private/1">
    <editor-bookmarks xmlns="http://www.netbeans.org/ns/editor-bookmarks/2" lastBookmarkId="0"/>
    <open-files xmlns="http://www.netbeans.org/ns/projectui-open-files/2">
        <group>
            <file>file:/home/danz/NetBeansProjects/NewFolder/Si_PHP/src/Admin/AdminLogin2.java</file>
            <file>file:/home/danz/NetBeansProjects/NewFolder/Si_PHP/src/View/Besi.java</file>
            <file>file:/home/danz/NetBeansProjects/NewFolder/Si_PHP/src/Admin/Admin_Menu22.java</file>
            <file>file:/home/danz/NetBeansProjects/NewFolder/Si_PHP/src/View/Menu22.java</file>
            <file>file:/home/danz/NetBeansProjects/NewFolder/Si_PHP/src/si_php/Si_PHP.java</file>
            <file>file:/home/danz/NetBeansProjects/NewFolder/Si_PHP/src/Admin/Admin_Beras.java</file>
            <file>file:/home/danz/NetBeansProjects/NewFolder/Si_PHP/src/View/Bahan_Pokok.java</file>
            <file>file:/home/danz/NetBeansProjects/NewFolder/Si_PHP/src/connect/ValidasiLogin.java</file>
            <file>file:/home/danz/NetBeansProjects/NewFolder/Si_PHP/src/View/Bensin.java</file>
            <file>file:/home/danz/NetBeansProjects/NewFolder/Si_PHP/src/View/Beras.java</file>
            <file>file:/home/danz/NetBeansProjects/NewFolder/Si_PHP/src/View/Pupuk.java</file>
            <file>file:/home/danz/NetBeansProjects/NewFolder/Si_PHP/src/View/MinyakGoreng.java</file>
            <file>file:/home/danz/NetBeansProjects/NewFolder/Si_PHP/src/View/TampilanAwal.java</file>
            <file>file:/home/danz/NetBeansProjects/NewFolder/Si_PHP/src/connect/ConnectDatabase.java</file>
            <file>file:/home/danz/NetBeansProjects/NewFolder/Si_PHP/src/View/Semen.java</file>
            <file>file:/home/danz/NetBeansProjects/NewFolder/Si_PHP/src/Admin/Admin_Bensin.java</file>
            <file>file:/home/danz/NetBeansProjects/NewFolder/Si_PHP/src/Admin/Admin_Semen.java</file>
            <file>file:/home/danz/NetBeansProjects/NewFolder/Si_PHP/src/Admin/Create_EditData.java</file>
            <file>file:/home/danz/NetBeansProjects/NewFolder/Si_PHP/src/View/GulaPasir.java</file>
            <file>file:/home/danz/NetBeansProjects/NewFolder/Si_PHP/src/View/LPG.java</file>
            <file>file:/home/danz/NetBeansProjects/NewFolder/Si_PHP/src/View/Kayu.java</file>
            <file>file:/home/danz/NetBeansProjects/NewFolder/Si_PHP/src/View/Bahan_Bersubsidi.java</file>
        </group>
    </open-files>
</project-private>
